status,product_area,response,justification,request_type
replied,General support,"I can only help with support questions for HackerRank, Claude, or Visa using the provided support corpus. Please send a relevant support issue.","Classified as invalid; company=General; area=General support; decision based on irrelevant, unsafe, or insufficient support request; retrieved=none.",invalid
replied,General support,"I can only help with support questions for HackerRank, Claude, or Visa using the provided support corpus. Please send a relevant support issue.","Classified as invalid; company=General; area=General support; decision based on irrelevant, unsafe, or insufficient support request; retrieved=none.",invalid
replied,General support,"I can only help with support questions for HackerRank, Claude, or Visa using the provided support corpus. Please send a relevant support issue.","Classified as invalid; company=General; area=General support; decision based on irrelevant, unsafe, or insufficient support request; retrieved=none.",invalid
replied,General support,"I can only help with support questions for HackerRank, Claude, or Visa using the provided support corpus. Please send a relevant support issue.","Classified as invalid; company=General; area=General support; decision based on irrelevant, unsafe, or insufficient support request; retrieved=none.",invalid
replied,General support,"I can only help with support questions for HackerRank, Claude, or Visa using the provided support corpus. Please send a relevant support issue.","Classified as invalid; company=General; area=General support; decision based on irrelevant, unsafe, or insufficient support request; retrieved=none.",invalid
replied,General support,"I can only help with support questions for HackerRank, Claude, or Visa using the provided support corpus. Please send a relevant support issue.","Classified as invalid; company=General; area=General support; decision based on irrelevant, unsafe, or insufficient support request; retrieved=none.",invalid
replied,General support,"I can only help with support questions for HackerRank, Claude, or Visa using the provided support corpus. Please send a relevant support issue.","Classified as invalid; company=General; area=General support; decision based on irrelevant, unsafe, or insufficient support request; retrieved=none.",invalid
replied,General support,"I can only help with support questions for HackerRank, Claude, or Visa using the provided support corpus. Please send a relevant support issue.","Classified as invalid; company=General; area=General support; decision based on irrelevant, unsafe, or insufficient support request; retrieved=none.",invalid
replied,General support,"I can only help with support questions for HackerRank, Claude, or Visa using the provided support corpus. Please send a relevant support issue.","Classified as invalid; company=General; area=General support; decision based on irrelevant, unsafe, or insufficient support request; retrieved=none.",invalid
replied,General support,"I can only help with support questions for HackerRank, Claude, or Visa using the provided support corpus. Please send a relevant support issue.","Classified as invalid; company=General; area=General support; decision based on irrelevant, unsafe, or insufficient support request; retrieved=none.",invalid
replied,General support,"I can only help with support questions for HackerRank, Claude, or Visa using the provided support corpus. Please send a relevant support issue.","Classified as invalid; company=General; area=General support; decision based on irrelevant, unsafe, or insufficient support request; retrieved=none.",invalid
replied,General support,"I can only help with support questions for HackerRank, Claude, or Visa using the provided support corpus. Please send a relevant support issue.","Classified as invalid; company=General; area=General support; decision based on irrelevant, unsafe, or insufficient support request; retrieved=none.",invalid
replied,General support,"I can only help with support questions for HackerRank, Claude, or Visa using the provided support corpus. Please send a relevant support issue.","Classified as invalid; company=General; area=General support; decision based on irrelevant, unsafe, or insufficient support request; retrieved=none.",invalid
replied,General support,"I can only help with support questions for HackerRank, Claude, or Visa using the provided support corpus. Please send a relevant support issue.","Classified as invalid; company=General; area=General support; decision based on irrelevant, unsafe, or insufficient support request; retrieved=none.",invalid
replied,General support,"I can only help with support questions for HackerRank, Claude, or Visa using the provided support corpus. Please send a relevant support issue.","Classified as invalid; company=General; area=General support; decision based on irrelevant, unsafe, or insufficient support request; retrieved=none.",invalid
replied,General support,"I can only help with support questions for HackerRank, Claude, or Visa using the provided support corpus. Please send a relevant support issue.","Classified as invalid; company=General; area=General support; decision based on irrelevant, unsafe, or insufficient support request; retrieved=none.",invalid
replied,General support,"I can only help with support questions for HackerRank, Claude, or Visa using the provided support corpus. Please send a relevant support issue.","Classified as invalid; company=General; area=General support; decision based on irrelevant, unsafe, or insufficient support request; retrieved=none.",invalid
replied,General support,"I can only help with support questions for HackerRank, Claude, or Visa using the provided support corpus. Please send a relevant support issue.","Classified as invalid; company=General; area=General support; decision based on irrelevant, unsafe, or insufficient support request; retrieved=none.",invalid
replied,General support,"I can only help with support questions for HackerRank, Claude, or Visa using the provided support corpus. Please send a relevant support issue.","Classified as invalid; company=General; area=General support; decision based on irrelevant, unsafe, or insufficient support request; retrieved=none.",invalid
replied,General support,"I can only help with support questions for HackerRank, Claude, or Visa using the provided support corpus. Please send a relevant support issue.","Classified as invalid; company=General; area=General support; decision based on irrelevant, unsafe, or insufficient support request; retrieved=none.",invalid
replied,General support,"I can only help with support questions for HackerRank, Claude, or Visa using the provided support corpus. Please send a relevant support issue.","Classified as invalid; company=General; area=General support; decision based on irrelevant, unsafe, or insufficient support request; retrieved=none.",invalid
replied,General support,"I can only help with support questions for HackerRank, Claude, or Visa using the provided support corpus. Please send a relevant support issue.","Classified as invalid; company=General; area=General support; decision based on irrelevant, unsafe, or insufficient support request; retrieved=none.",invalid
replied,General support,"I can only help with support questions for HackerRank, Claude, or Visa using the provided support corpus. Please send a relevant support issue.","Classified as invalid; company=General; area=General support; decision based on irrelevant, unsafe, or insufficient support request; retrieved=none.",invalid
replied,General support,"I can only help with support questions for HackerRank, Claude, or Visa using the provided support corpus. Please send a relevant support issue.","Classified as invalid; company=General; area=General support; decision based on irrelevant, unsafe, or insufficient support request; retrieved=none.",invalid
replied,General support,"I can only help with support questions for HackerRank, Claude, or Visa using the provided support corpus. Please send a relevant support issue.","Classified as invalid; company=General; area=General support; decision based on irrelevant, unsafe, or insufficient support request; retrieved=none.",invalid
replied,General support,"I can only help with support questions for HackerRank, Claude, or Visa using the provided support corpus. Please send a relevant support issue.","Classified as invalid; company=General; area=General support; decision based on irrelevant, unsafe, or insufficient support request; retrieved=none.",invalid
replied,General support,"I can only help with support questions for HackerRank, Claude, or Visa using the provided support corpus. Please send a relevant support issue.","Classified as invalid; company=General; area=General support; decision based on irrelevant, unsafe, or insufficient support request; retrieved=none.",invalid
replied,General support,"I can only help with support questions for HackerRank, Claude, or Visa using the provided support corpus. Please send a relevant support issue.","Classified as invalid; company=General; area=General support; decision based on irrelevant, unsafe, or insufficient support request; retrieved=none.",invalid
replied,General support,"I can only help with support questions for HackerRank, Claude, or Visa using the provided support corpus. Please send a relevant support issue.","Classified as invalid; company=General; area=General support; decision based on irrelevant, unsafe, or insufficient support request; retrieved=none.",invalid
